CREATE SEQUENCE T_LANG_CODE_SEQ INCREMENT BY 1 START WITH 5 NOCACHE NOORDER NOCYCLE;
CREATE SEQUENCE T_PROPERTY_SEQ INCREMENT BY 1 START WITH 86 NOCACHE NOORDER NOCYCLE;
CREATE SEQUENCE T_PAGE_SEQ INCREMENT BY 1 START WITH 1 NOCACHE NOORDER NOCYCLE;
CREATE SEQUENCE T_PAGE_PROPERTY_SEQ INCREMENT BY 1 START WITH 1 NOCACHE NOORDER NOCYCLE;
CREATE SEQUENCE T_PAGE_PROPERTY_VALUE_SEQ INCREMENT BY 1 START WITH 1 NOCACHE NOORDER NOCYCLE;

/*==============================================================*/
/* Table: T_PAGE                                                */
/*==============================================================*/
CREATE TABLE T_PAGE (
  F_ID          NUMBER(8, 2) NOT NULL,
  F_NAME        VARCHAR2(50),
  F_DESC        VARCHAR2(200),
  F_DATE_CHANGE TIMESTAMP(6) DEFAULT SYSDATE,
  CONSTRAINT PK_T_PAGE PRIMARY KEY (F_ID)
);

/*==============================================================*/
/* Table: T_PROPERTY                                            */
/*==============================================================*/
CREATE TABLE T_PROPERTY (
  F_ID              NUMBER(8, 2) NOT NULL,
  F_NAME            VARCHAR2(50),
  F_DEFAULT_VALUE   VARCHAR2(50),
  F_DEFAULT_LANG_ID NUMBER(8, 2),
  CONSTRAINT PK_T_PROPERTY PRIMARY KEY (F_ID)
);

/*==============================================================*/
/* Table: T_PAGE_PROPERTY                                       */
/*==============================================================*/
CREATE TABLE T_PAGE_PROPERTY (
  F_ID          NUMBER(8, 2) NOT NULL,
  F_PAGE_ID     NUMBER(8, 2),
  F_PROPERTY_ID NUMBER(8, 2),
  CONSTRAINT PK_T_PAGE_PROPERTY PRIMARY KEY (F_ID)
);

/*==============================================================*/
/* Table: T_PAGE_PROPERTY_VALUE                                 */
/*==============================================================*/
CREATE TABLE T_PAGE_PROPERTY_VALUE (
  F_PAGE_PROPERTY_ID NUMBER(8, 2),
  F_VALUE            VARCHAR2(100),
  F_LANG_ID          NUMBER(8, 2)
);

/*==============================================================*/
/* Table: T_LANG_CODE                                           */
/*==============================================================*/
CREATE TABLE T_LANG_CODE (
  F_ID           NUMBER(8, 2) NOT NULL,
  F_LANG         VARCHAR2(2),
  F_COUNTRY_CODE VARCHAR2(2),
  F_LANG_CODE    VARCHAR2(3),
  CONSTRAINT PK_T_LANG_CODE PRIMARY KEY (F_ID)
);

ALTER TABLE T_PAGE_PROPERTY
ADD CONSTRAINT FK_PAGE_ID FOREIGN KEY (F_PAGE_ID)
REFERENCES T_PAGE (F_ID);

ALTER TABLE T_PAGE_PROPERTY
ADD CONSTRAINT FK_P_PROPERTY_ID FOREIGN KEY (F_PROPERTY_ID)
REFERENCES T_PROPERTY (F_ID);

ALTER TABLE T_PAGE_PROPERTY_VALUE
ADD CONSTRAINT FK_P_P_ID FOREIGN KEY (F_PAGE_PROPERTY_ID)
REFERENCES T_PAGE_PROPERTY (F_ID);

ALTER TABLE T_PAGE_PROPERTY_VALUE
ADD CONSTRAINT FK_P_P_VALUES_LANG_ID FOREIGN KEY (F_LANG_ID)
REFERENCES T_LANG_CODE (F_ID);

ALTER TABLE T_PROPERTY
ADD CONSTRAINT FK_PROPERTY_DEFAULT_LANG_ID FOREIGN KEY (F_DEFAULT_LANG_ID)
REFERENCES T_LANG_CODE (F_ID);

INSERT INTO T_LANG_CODE (F_ID, F_LANG, F_COUNTRY_CODE, F_LANG_CODE) VALUES (3, 'ru', 'RU', 'rus');
INSERT INTO T_LANG_CODE (F_ID, F_LANG, F_COUNTRY_CODE, F_LANG_CODE) VALUES (4, 'en', 'US', 'eng');

INSERT INTO T_PAGE (F_ID, F_NAME, F_DESC) VALUES (1, 'Page1', 'Page1 Description');
INSERT INTO T_PAGE (F_ID, F_NAME, F_DESC) VALUES (2, 'Page2', 'Page2 Description');
INSERT INTO T_PAGE (F_ID, F_NAME, F_DESC) VALUES (3, 'Page3', 'Page3 Description');
INSERT INTO T_PAGE (F_ID, F_NAME, F_DESC) VALUES (4, 'Page4', 'Page4 Description');

INSERT INTO T_PROPERTY (F_ID, F_NAME, F_DEFAULT_VALUE, F_DEFAULT_LANG_ID) VALUES (1, 'data_source', 'Content editor', 4);
INSERT INTO T_PROPERTY (F_ID, F_NAME, F_DEFAULT_VALUE, F_DEFAULT_LANG_ID) VALUES (2, 'type_of_block', 'Text', 4);
INSERT INTO T_PROPERTY (F_ID, F_NAME, F_DEFAULT_VALUE, F_DEFAULT_LANG_ID) VALUES (3, 'default_width', '400', 4);
INSERT INTO T_PROPERTY (F_ID, F_NAME, F_DEFAULT_VALUE, F_DEFAULT_LANG_ID) VALUES (4, 'default_height', '300', 4);

INSERT INTO T_PAGE_PROPERTY (F_ID, F_PAGE_ID, F_PROPERTY_ID) VALUES (1, 1, 1);
INSERT INTO T_PAGE_PROPERTY (F_ID, F_PAGE_ID, F_PROPERTY_ID) VALUES (2, 1, 2);
INSERT INTO T_PAGE_PROPERTY (F_ID, F_PAGE_ID, F_PROPERTY_ID) VALUES (3, 1, 3);
INSERT INTO T_PAGE_PROPERTY (F_ID, F_PAGE_ID, F_PROPERTY_ID) VALUES (4, 1, 4);

INSERT INTO T_PAGE_PROPERTY (F_ID, F_PAGE_ID, F_PROPERTY_ID) VALUES (5, 2, 1);
INSERT INTO T_PAGE_PROPERTY (F_ID, F_PAGE_ID, F_PROPERTY_ID) VALUES (6, 2, 2);
INSERT INTO T_PAGE_PROPERTY (F_ID, F_PAGE_ID, F_PROPERTY_ID) VALUES (7, 2, 3);
INSERT INTO T_PAGE_PROPERTY (F_ID, F_PAGE_ID, F_PROPERTY_ID) VALUES (8, 2, 4);

INSERT INTO T_PAGE_PROPERTY (F_ID, F_PAGE_ID, F_PROPERTY_ID) VALUES (9, 3, 1);
INSERT INTO T_PAGE_PROPERTY (F_ID, F_PAGE_ID, F_PROPERTY_ID) VALUES (10, 3, 2);
INSERT INTO T_PAGE_PROPERTY (F_ID, F_PAGE_ID, F_PROPERTY_ID) VALUES (11, 3, 3);
INSERT INTO T_PAGE_PROPERTY (F_ID, F_PAGE_ID, F_PROPERTY_ID) VALUES (12, 3, 4);

INSERT INTO T_PAGE_PROPERTY (F_ID, F_PAGE_ID, F_PROPERTY_ID) VALUES (13, 4, 1);
INSERT INTO T_PAGE_PROPERTY (F_ID, F_PAGE_ID, F_PROPERTY_ID) VALUES (14, 4, 2);
INSERT INTO T_PAGE_PROPERTY (F_ID, F_PAGE_ID, F_PROPERTY_ID) VALUES (15, 4, 3);
INSERT INTO T_PAGE_PROPERTY (F_ID, F_PAGE_ID, F_PROPERTY_ID) VALUES (16, 4, 4);

INSERT INTO T_PAGE_PROPERTY_VALUE (F_PAGE_PROPERTY_ID, F_VALUE, F_LANG_ID) VALUES (1, 'Content editor', 4);
INSERT INTO T_PAGE_PROPERTY_VALUE (F_PAGE_PROPERTY_ID, F_VALUE, F_LANG_ID) VALUES (2, 'Image', 4);
INSERT INTO T_PAGE_PROPERTY_VALUE (F_PAGE_PROPERTY_ID, F_VALUE, F_LANG_ID) VALUES (3, '500', 4);
INSERT INTO T_PAGE_PROPERTY_VALUE (F_PAGE_PROPERTY_ID, F_VALUE, F_LANG_ID) VALUES (4, '300', 4);
INSERT INTO T_PAGE_PROPERTY_VALUE (F_PAGE_PROPERTY_ID, F_VALUE, F_LANG_ID) VALUES (5, 'Content editor', 4);
INSERT INTO T_PAGE_PROPERTY_VALUE (F_PAGE_PROPERTY_ID, F_VALUE, F_LANG_ID) VALUES (6, 'Document', 4);
INSERT INTO T_PAGE_PROPERTY_VALUE (F_PAGE_PROPERTY_ID, F_VALUE, F_LANG_ID) VALUES (7, '600', 4);
INSERT INTO T_PAGE_PROPERTY_VALUE (F_PAGE_PROPERTY_ID, F_VALUE, F_LANG_ID) VALUES (8, '200', 4);
INSERT INTO T_PAGE_PROPERTY_VALUE (F_PAGE_PROPERTY_ID, F_VALUE, F_LANG_ID) VALUES (9, 'XML File', 4);
INSERT INTO T_PAGE_PROPERTY_VALUE (F_PAGE_PROPERTY_ID, F_VALUE, F_LANG_ID) VALUES (10, 'Text', 4);
INSERT INTO T_PAGE_PROPERTY_VALUE (F_PAGE_PROPERTY_ID, F_VALUE, F_LANG_ID) VALUES (11, '150', 4);
INSERT INTO T_PAGE_PROPERTY_VALUE (F_PAGE_PROPERTY_ID, F_VALUE, F_LANG_ID) VALUES (12, '150', 4);
INSERT INTO T_PAGE_PROPERTY_VALUE (F_PAGE_PROPERTY_ID, F_VALUE, F_LANG_ID) VALUES (13, 'XML File', 4);
INSERT INTO T_PAGE_PROPERTY_VALUE (F_PAGE_PROPERTY_ID, F_VALUE, F_LANG_ID) VALUES (14, 'Graph', 4);
INSERT INTO T_PAGE_PROPERTY_VALUE (F_PAGE_PROPERTY_ID, F_VALUE, F_LANG_ID) VALUES (15, '80', 4);
INSERT INTO T_PAGE_PROPERTY_VALUE (F_PAGE_PROPERTY_ID, F_VALUE, F_LANG_ID) VALUES (16, '120', 4);

COMMIT;